Width,Counts,Seconds,CPS,CPS \sigma,True CPS,True CPS \sigma,Adjusted,Adjusted \sigma,NCR,NCR \sigma
,39,300,0.13,0.02081665999,0.1300048288,0.02081743321,,,,
0,4358,400,10.895,0.004589261129,10.92902048,0.004603591451,10.79901565,0.02132037945,1,0.002792066494
0.032,4017,400,10.0425,0.00497883993,10.07139772,0.004993166752,9.941392889,0.02140787798,0.9205832467,0.00292146966
0.064,3872,400,9.68,0.005165289256,9.706846364,0.00517961459,9.576841535,0.0214521312,0.8868254149,0.002985870147
0.125,3673,400,9.1825,0.005445140212,9.206654315,0.005459463505,9.076649486,0.02152141416,0.8405071147,0.003085419419
0.25,2956,400,7.39,0.006765899865,7.405636472,0.006780215806,7.275631644,0.02189376286,0.6737310028,0.003599034056