Width,Counts,Seconds,CPS,CPS \sigma,True CPS,True CPS \sigma,Adjusted,Adjusted \sigma,NCR,NCR \sigma
,39,300,0.13,0.3605551275,0.1300048288,0.3605685201,,,,
0,4358,400,10.895,3.300757489,10.92902048,3.311064359,10.79901565,3.330639105,1,0.4361726241
0.032,4017,400,10.0425,3.168990375,10.07139772,3.178109279,9.941392889,3.198497811,0.9205832467,0.4456870351
0.064,3872,400,9.68,3.111269837,9.706846364,3.119898585,9.576841535,3.140665032,0.8868254149,0.4501892513
0.125,3673,400,9.1825,3.030264015,9.206654315,3.038235042,9.076649486,3.059555822,0.8405071147,0.4568874229
0.25,2956,400,7.39,2.718455444,7.405636472,2.724207413,7.275631644,2.747965736,0.6737310028,0.4876231959