Width,Seconds,Counts,CPS,CPS \sigma,True CPS,True CPS \sigma,Adjusted,Adjusted \sigma,NCR,NCR \sigma
,300,49,0.1633333333,0.02333333333,0.1633409559,0.02333442227,,,,
0,60,2707,45.11666667,0.8671473026,45.70583667,0.8784712149,45.54249571,0.878781071,1,
0.004,30,1284,42.8,1.194431524,43.32986232,1.20921854,43.16652136,1.209443662,0.9478295093,0.03401974941
0.008,30,1172,39.06666667,1.141149518,39.50764726,1.154030699,39.34430631,1.154266585,0.8639031677,0.03511442901
0.03,30,918,30.6,1.009950494,30.86989105,1.018858226,30.70655009,1.019125399,0.6742395122,0.03839077763
0.04,30,877,29.23333333,0.9871395263,29.47955783,0.9954539368,29.31621687,0.9957273902,0.6437112507,0.03906348424